CustomerID,CustomerName,Gender,Age,City,State,Segment
C0001,Zinal Char,Male,19,Kalyan-Dombivli,Sikkim,Home Office
C0002,Warda Bose,Female,33,Kalyan-Dombivli,Chhattisgarh,Consumer
C0003,Ekantika Dugar,Male,24,Jammu,Punjab,Home Office
C0004,Neelima Bandi,Male,55,Bhavnagar,Uttar Pradesh,Corporate
C0005,Oscar Krishna,Male,19,Bikaner,Telangana,Consumer
C0006,Tanmayi Kibe,Male,32,Coimbatore,Karnataka,Home Office
C0007,Anita Khanna,Male,53,Amravati,Mizoram,Consumer
C0008,Dipta Dass,Female,32,Raurkela Industrial Township,West Bengal,Corporate
C0009,Lakshit Grover,Female,18,Ujjain,Assam,Consumer
C0010,Chatura Chokshi,Female,39,Machilipatnam,Odisha,Corporate
C0011,Vedhika Chandran,Male,31,Medininagar,West Bengal,Corporate
C0012,Vamakshi Iyengar,Male,23,Amritsar,Chhattisgarh,Corporate
C0013,Omisha Chhabra,Male,40,Jabalpur,Tamil Nadu,Corporate
C0014,Aashi Kannan,Female,20,Suryapet,Karnataka,Home Office
C0015,Anamika Kari,Female,52,Shimoga,Manipur,Consumer
C0016,Sathvik Ray,Female,23,Sonipat,Kerala,Home Office
C0017,Wahab Krish,Female,58,Srinagar,West Bengal,Home Office
C0018,Gabriel Shan,Female,54,Ambala,Arunachal Pradesh,Consumer
C0019,Vansha Behl,Male,20,North Dumdum,Odisha,Home Office
C0020,Anjali Munshi,Male,36,Kochi,Haryana,Consumer
C0021,Alka Kamdar,Male,24,Tiruchirappalli,Telangana,Corporate
C0022,Tejas Chaudhuri,Female,47,Khora ,Kerala,Home Office
C0023,Mohammed Balan,Female,28,Satara,Manipur,Corporate
C0024,Joshua Chaudhuri,Female,31,Hindupur,Uttarakhand,Home Office
C0025,Omkaar Sachdev,Female,59,Durg,Uttar Pradesh,Consumer
C0026,Faraj Kadakia,Male,52,Bangalore,Manipur,Home Office
C0027,Amol Nori,Male,28,Davanagere,Arunachal Pradesh,Corporate
C0028,Simon Sarkar,Female,35,Kumbakonam,Gujarat,Home Office
C0029,Samuel Om,Male,38,Bikaner,Manipur,Consumer
C0030,Nitesh Khosla,Male,20,Haldia,Andhra Pradesh,Corporate
C0031,Shaurya Virk,Female,35,Kirari Suleman Nagar,Maharashtra,Consumer
C0032,Omisha Chana,Male,54,Chittoor,Mizoram,Home Office
C0033,Meghana Rajagopalan,Female,31,Kirari Suleman Nagar,Telangana,Home Office
C0034,Yauvani Kuruvilla,Female,43,Kulti,Gujarat,Home Office
C0035,Balvan Modi,Female,27,Chinsurah,Telangana,Corporate
C0036,Balendra Krishnamurthy,Male,33,Khammam,Punjab,Home Office
C0037,Brijesh Mishra,Female,55,Patna,Bihar,Corporate
C0038,Tanveer Joshi,Female,41,Bijapur,Odisha,Consumer
C0039,Atharv Goda,Male,50,North Dumdum,Chhattisgarh,Corporate
C0040,Niharika Sinha,Male,21,Khora ,Tamil Nadu,Consumer
C0041,Ishaan Luthra,Male,58,Kadapa,Uttarakhand,Consumer
C0042,Wazir Batta,Female,56,Raurkela Industrial Township,Sikkim,Consumer
C0043,Frederick Ramachandran,Female,42,Khandwa,Uttar Pradesh,Home Office
C0044,Christopher Dube,Female,51,Ranchi,Tamil Nadu,Corporate
C0045,Faras Salvi,Male,25,Srinagar,Jharkhand,Home Office
C0046,Ridhi Kaul,Female,59,Thrissur,Chhattisgarh,Corporate
C0047,Ryan Ratta,Male,36,Madurai,Kerala,Corporate
C0048,Warinder Khatri,Male,47,Karnal,Andhra Pradesh,Consumer
C0049,Ishani Rattan,Female,50,Shimla,Manipur,Consumer
C0050,Aryan Bhalla,Male,58,Tezpur,Himachal Pradesh,Corporate
C0051,Indali Arora,Male,27,Bhusawal,Uttarakhand,Corporate
C0052,Chatresh Pathak,Male,52,Meerut,Andhra Pradesh,Home Office
C0053,Avni Wable,Male,56,Ramagundam,Chhattisgarh,Corporate
C0054,Chandresh Jha,Female,19,Mehsana,Jharkhand,Consumer
C0055,Bhavani Sunder,Female,37,Katihar,Bihar,Consumer
C0056,Ojas Kalita,Male,33,Chapra,Goa,Home Office
C0057,Zansi Arora,Male,23,Jorhat,Assam,Home Office
C0058,Chakrika Kurian,Female,22,North Dumdum,Haryana,Home Office
C0059,David Nori,Male,26,Delhi,Chhattisgarh,Home Office
C0060,Tanvi Seth,Female,53,Nizamabad,Punjab,Consumer
C0061,Gaurika Wable,Female,51,Korba,Mizoram,Home Office
C0062,Azaan Vala,Female,31,Adoni,Mizoram,Home Office
C0063,Rajata Nagarajan,Male,37,Raipur,Chhattisgarh,Corporate
C0064,Sachi Mohanty,Female,46,Tezpur,Kerala,Home Office
C0065,Nitara Rana,Female,25,Bhalswa Jahangir Pur,Chhattisgarh,Consumer
C0066,Lila Taneja,Male,22,Serampore,Arunachal Pradesh,Corporate
C0067,Charita Doctor,Male,55,Dehri,Rajasthan,Home Office
C0068,Jhalak Raj,Male,55,Serampore,Chhattisgarh,Consumer
C0069,Faraj Cheema,Male,22,Proddatur,Haryana,Home Office
C0070,Vyanjana Sheth,Male,32,Darbhanga,Haryana,Consumer
C0071,Luke Dube,Male,39,Malegaon,Nagaland,Consumer
C0072,Kamya Pathak,Male,35,Kanpur,Gujarat,Home Office
C0073,Krishna Pall,Female,31,Raipur,Uttarakhand,Home Office
C0074,Kalpit Iyer,Male,54,Secunderabad,Andhra Pradesh,Home Office
C0075,Dev Parmar,Female,33,Jammu,Goa,Corporate
C0076,Warjas Balay,Female,30,Tirupati,Kerala,Consumer
C0077,Pranav Kurian,Male,60,Etawah,Telangana,Corporate
C0078,Shaurya Palla,Female,45,North Dumdum,Meghalaya,Corporate
C0079,Osha Sama,Female,21,Hajipur,Sikkim,Home Office
C0080,Warinder Jaggi,Male,21,Tirupati,Nagaland,Corporate
C0081,Adya Sandhu,Female,24,Bally,Rajasthan,Consumer
C0082,Wakeeta Morar,Male,30,Avadi,Haryana,Home Office
C0083,Yoshita D’Alia,Female,26,Begusarai,Bihar,Corporate
C0084,Lajita Kaur,Male,35,Sagar,Manipur,Corporate
C0085,Ladli Pant,Male,22,Tezpur,Maharashtra,Corporate
C0086,Mekhala Kohli,Male,21,Lucknow,Uttar Pradesh,Home Office
C0087,Jack Dave,Male,23,Latur,Rajasthan,Consumer
C0088,Wridesh Sachdev,Male,44,Alappuzha,Rajasthan,Corporate
C0089,Amol Tiwari,Female,31,Ahmedabad,Karnataka,Corporate
C0090,Omaja Mahal,Male,28,Kottayam,Himachal Pradesh,Corporate
C0091,Dalbir Dubey,Male,42,Tiruppur,Karnataka,Corporate
C0092,Hiral Sampath,Female,36,Etawah,Chhattisgarh,Corporate
C0093,Dominic Krishnamurthy,Female,27,Rajkot,Telangana,Consumer
C0094,Faras Kulkarni,Female,31,Kulti,Tripura,Consumer
C0095,Bhavini Bajwa,Male,38,Korba,West Bengal,Consumer
C0096,Tara Ganesh,Male,55,Lucknow,Odisha,Corporate
C0097,Isaiah Bath,Male,21,Nizamabad,Telangana,Home Office
C0098,Girish Vasa,Male,29,Dehradun,Manipur,Consumer
C0099,Samarth Ramanathan,Male,33,Gurgaon,Bihar,Corporate
C0100,Ishanvi Saraf,Male,54,Jorhat,Telangana,Consumer
C0101,Udant Parmer,Male,57,Malegaon,Arunachal Pradesh,Consumer
C0102,Dhruv Murty,Female,60,Erode,Punjab,Home Office
C0103,Yatin Handa,Female,34,Allahabad,Arunachal Pradesh,Consumer
C0104,Diya Dani,Female,33,Siliguri,Gujarat,Corporate
C0105,Pratyush Gole,Female,26,Eluru,Jharkhand,Home Office
C0106,Ubika Maharaj,Female,47,Kolhapur,Karnataka,Corporate
C0107,Vinaya Dutt,Male,18,Amroha,Andhra Pradesh,Corporate
C0108,Chaitaly Konda,Male,22,Durg,Meghalaya,Home Office
C0109,Daksh Keer,Male,50,Gurgaon,Goa,Corporate
C0110,Sachi Ram,Male,40,Barasat,West Bengal,Consumer
C0111,Bhanumati Gupta,Male,41,Kalyan-Dombivli,Chhattisgarh,Corporate
C0112,Abeer Dubey,Male,46,Machilipatnam,Uttar Pradesh,Home Office
C0113,Aadhya Dixit,Female,57,Kavali,Maharashtra,Home Office
C0114,Baljiwan Kohli,Male,60,Kishanganj,Goa,Home Office
C0115,Anita Vasa,Female,60,Salem,Manipur,Consumer
C0116,Omisha Chauhan,Male,34,Vijayawada,Rajasthan,Consumer
C0117,Unni Morar,Male,53,Ajmer,Arunachal Pradesh,Consumer
C0118,Neha Nagi,Female,36,Raiganj,Chhattisgarh,Home Office
C0119,Watika Luthra,Male,39,Thoothukudi,Maharashtra,Consumer
C0120,Hemal Nair,Female,50,Bhopal,Karnataka,Corporate
C0121,Anmol Bawa,Female,21,Sirsa,West Bengal,Consumer
C0122,Yatin Shanker,Female,35,Shimoga,Jharkhand,Consumer
C0123,Devika Brahmbhatt,Male,39,Deoghar,Mizoram,Consumer
C0124,Mason Rai,Female,28,Guntur,Goa,Home Office
C0125,Varsha Arya,Female,53,Fatehpur,Gujarat,Home Office
C0126,Gopal Master,Female,53,Guntakal,Manipur,Consumer
C0127,Mason Raman,Male,22,Rohtak,Kerala,Home Office
C0128,Laksh Bassi,Male,52,Mango,Haryana,Consumer
C0129,Turvi Purohit,Female,55,Nagaon,Sikkim,Home Office
C0130,Jatin Sama,Male,45,Meerut,Maharashtra,Consumer
C0131,Ayush Balan,Male,37,Surat,Gujarat,Corporate
C0132,Chanchal Kibe,Male,40,Bokaro,Haryana,Consumer
C0133,Triveni Ranganathan,Male,60,Madhyamgram,Arunachal Pradesh,Consumer
C0134,Maya Jha,Female,53,Mira-Bhayandar,Maharashtra,Corporate
C0135,Henry Bhavsar,Male,33,Durgapur,Haryana,Consumer
C0136,Saanvi Kurian,Male,44,Guntakal,Chhattisgarh,Consumer
C0137,Omaja Nayar,Male,39,Sonipat,Goa,Corporate
C0138,Meghana Shankar,Male,35,Dharmavaram,Telangana,Consumer
C0139,Amruta Agate,Male,42,Aizawl,Tripura,Consumer
C0140,Ishita Shan,Female,32,North Dumdum,Chhattisgarh,Consumer
C0141,Chasmum Padmanabhan,Female,40,Katni,Jharkhand,Corporate
C0142,Ishaan Wali,Male,32,Kozhikode,Odisha,Consumer
C0143,Bhavani Oza,Male,43,Jamshedpur,Odisha,Corporate
C0144,Yug Buch,Female,22,Amravati,Mizoram,Corporate
C0145,Bhanumati Sekhon,Female,59,Bangalore,Karnataka,Home Office
C0146,Warhi Parmar,Female,52,Gangtok,Madhya Pradesh,Corporate
C0147,Kashish Sethi,Male,25,Phusro,Manipur,Corporate
C0148,Tanmayi Dhar,Male,55,Kamarhati,Karnataka,Corporate
C0149,Naksh Khatri,Male,24,Bhubaneswar,Andhra Pradesh,Home Office
C0150,Pranav Babu,Female,40,Hazaribagh,Andhra Pradesh,Home Office
C0151,Saanvi Deo,Female,45,Gaya,Rajasthan,Home Office
C0152,Damini Shanker,Male,42,Bhiwani,Maharashtra,Home Office
C0153,Advik Bumb,Male,34,Aizawl,Nagaland,Consumer
C0154,Ati Bala,Female,18,Davanagere,West Bengal,Home Office
C0155,Anamika Shankar,Male,41,Medininagar,Sikkim,Corporate
C0156,Michael Taneja,Male,60,Karimnagar,Punjab,Corporate
C0157,Meghana Dewan,Female,60,Bhilai,West Bengal,Consumer
C0158,Lucky Sengupta,Female,50,Lucknow,Himachal Pradesh,Corporate
C0159,Qabil Mittal,Female,38,Navi Mumbai,Uttarakhand,Corporate
C0160,Irya Cheema,Female,53,Panihati,Tripura,Consumer
C0161,Ethan Banik,Male,44,Orai,Manipur,Home Office
C0162,Arunima Ahuja,Female,29,Thanjavur,Kerala,Home Office
C0163,Rachana Menon,Female,43,Saharanpur,Tamil Nadu,Home Office
C0164,Harrison Purohit,Male,37,Jehanabad,Chhattisgarh,Corporate
C0165,Wriddhish Nadig,Male,45,Silchar,Chhattisgarh,Home Office
C0166,Chaitanya Gole,Female,47,Bokaro,Tamil Nadu,Corporate
C0167,Max Kadakia,Female,31,Raurkela Industrial Township,Rajasthan,Home Office
C0168,Zinal Chhabra,Female,28,Serampore,Sikkim,Home Office
C0169,Qadim Kari,Male,36,Karnal,Meghalaya,Home Office
C0170,Bina Halder,Female,23,Panchkula,Bihar,Consumer
C0171,Pallavi Nori,Female,32,Pallavaram,Assam,Consumer
C0172,Qabil Chacko,Male,19,Bareilly,Bihar,Consumer
C0173,George Borde,Male,48,Bathinda,Odisha,Home Office
C0174,Bhavani Badal,Male,47,Suryapet,Sikkim,Corporate
C0175,Fitan Oommen,Male,42,Bhind,Assam,Corporate
C0176,Advika Agrawal,Female,33,Thiruvananthapuram,Uttar Pradesh,Consumer
C0177,Farhan Sathe,Male,24,Dibrugarh,Bihar,Corporate
C0178,Bhavini Srivastava,Male,29,Chittoor,Maharashtra,Home Office
C0179,Jhalak Rai,Female,21,South Dumdum,Meghalaya,Home Office
C0180,Falguni Kothari,Male,25,Muzaffarnagar,West Bengal,Corporate
C0181,Nicholas Mahal,Male,47,Belgaum,Sikkim,Home Office
C0182,Isaac Uppal,Female,46,Thane,Andhra Pradesh,Home Office
C0183,Alka Sastry,Female,53,Ramgarh,Gujarat,Corporate
C0184,Yatan Salvi,Male,48,Avadi,Arunachal Pradesh,Corporate
C0185,Udarsh Garg,Female,33,Jalandhar,Kerala,Home Office
C0186,Hritik Varma,Female,51,Mysore,Madhya Pradesh,Corporate
C0187,Vaishnavi Gandhi,Male,35,Erode,Bihar,Corporate
C0188,Amrita Karpe,Male,36,Guwahati,Uttarakhand,Consumer
C0189,Vasatika Sodhi,Female,39,Bally,Jharkhand,Corporate
C0190,Zaitra Merchant,Male,26,Salem,Jharkhand,Consumer
C0191,Veer Cherian,Male,42,Indore,Goa,Home Office
C0192,Finn Prabhu,Male,31,Bhubaneswar,Rajasthan,Consumer
C0193,Nitara Setty,Female,44,Bahraich,West Bengal,Corporate
C0194,Samesh Menon,Female,44,Sultan Pur Majra,Punjab,Consumer
C0195,Warda Bera,Male,44,Kottayam,Uttar Pradesh,Corporate
C0196,Kashvi Parmer,Male,54,Danapur,Haryana,Corporate
C0197,Jason Babu,Female,18,Berhampore,Uttarakhand,Corporate
C0198,Vincent Bajwa,Female,42,Ballia,Meghalaya,Corporate
C0199,Bhavna Deep,Male,49,Pune,Kerala,Consumer
C0200,Omaja Rattan,Female,45,Shivpuri,Manipur,Corporate
C0201,Anmol Choudhury,Male,42,Vijayawada,Madhya Pradesh,Corporate
C0202,Varsha Srivastava,Female,28,Bijapur,Assam,Corporate
C0203,Dalaja Bala,Male,57,Raebareli,Punjab,Home Office
C0204,Gaurav Golla,Male,43,Nashik,Jharkhand,Home Office
C0205,Harita Dalal,Male,23,Mau,Karnataka,Home Office
C0206,Banjeet Boase,Female,26,Giridih,Punjab,Corporate
C0207,Chandani Hegde,Male,21,Suryapet,Haryana,Corporate
C0208,Triya Desai,Female,38,Mysore,Tamil Nadu,Consumer
C0209,Noah Sachdev,Female,38,Ongole,Himachal Pradesh,Corporate
C0210,Saanvi Gour,Female,35,Chittoor,Rajasthan,Corporate
C0211,Ria Soman,Female,23,Bahraich,Arunachal Pradesh,Corporate
C0212,Dhruv Tella,Male,52,Solapur,Tripura,Consumer
C0213,Tristan Thakur,Female,32,Udaipur,Punjab,Home Office
C0214,Vasudha Chahal,Male,59,Tezpur,Meghalaya,Consumer
C0215,Warhi Dutta,Male,33,Hosur,Nagaland,Consumer
C0216,Christopher Rastogi,Male,57,Dibrugarh,Rajasthan,Consumer
C0217,Nimrat Gaba,Male,26,Jaunpur,Telangana,Corporate
C0218,Amruta Naik,Male,54,Suryapet,Odisha,Consumer
C0219,Christopher Bhargava,Female,34,Thoothukudi,Manipur,Corporate
C0220,Janani Gour,Male,56,Uluberia,Chhattisgarh,Home Office
C0221,Vanya Oak,Male,28,Nanded,Jharkhand,Corporate
C0222,Wishi Ahluwalia,Male,55,Kollam,Andhra Pradesh,Consumer
C0223,Anamika Bhatti,Female,54,Thrissur,Assam,Home Office
C0224,Kashish Kata,Female,43,Bongaigaon,Telangana,Home Office
C0225,Lucky Yohannan,Male,22,Kharagpur,Goa,Home Office
C0226,Ekantika Panchal,Male,24,Ramgarh,Meghalaya,Home Office
C0227,Gagan Chakrabarti,Female,56,Gulbarga,Maharashtra,Consumer
C0228,Yashica Thakkar,Male,40,Mehsana,Jharkhand,Home Office
C0229,Jagat Raj,Female,60,Faridabad,Uttarakhand,Corporate
C0230,Chandani Baria,Male,50,Amravati,Tripura,Home Office
C0231,Chaman Bajwa,Female,18,Purnia,Tripura,Corporate
C0232,George Gandhi,Female,24,Darbhanga,Assam,Corporate
C0233,Krishna Rattan,Female,58,Gangtok,Haryana,Corporate
C0234,Ojas Mishra,Male,45,Bhiwandi,Chhattisgarh,Consumer
C0235,Udant Choudhury,Female,57,Saharsa,Nagaland,Home Office
C0236,Gagan Sem,Female,47,Maheshtala,Punjab,Corporate
C0237,Pranit Lad,Female,38,Jalna,Rajasthan,Consumer
C0238,Samarth Jhaveri,Male,35,Durgapur,Madhya Pradesh,Corporate
C0239,Krish Agrawal,Male,47,Bhilwara,Telangana,Home Office
C0240,Anita Halder,Female,39,Aizawl,Kerala,Consumer
C0241,Robert Sha,Female,38,Panchkula,Mizoram,Consumer
C0242,Bimala Thaman,Female,31,Jalgaon,Telangana,Corporate
C0243,Libni Padmanabhan,Female,39,Kavali,West Bengal,Corporate
C0244,Kashish Goel,Female,53,Bellary,Jharkhand,Consumer
C0245,Priya Sodhi,Male,23,Katni,Tripura,Consumer
C0246,Neel Mammen,Female,49,Dehri,Tripura,Home Office
C0247,Amruta Gokhale,Male,48,Phusro,Meghalaya,Home Office
C0248,Faris Kashyap,Female,46,Ghaziabad,Punjab,Consumer
C0249,Oviya Saha,Male,36,Bokaro,Arunachal Pradesh,Consumer
C0250,Ganga Sampath,Female,33,Udupi,Arunachal Pradesh,Corporate
C0251,Adya Mishra,Female,48,Kanpur,Assam,Home Office
C0252,Widisha Shroff,Female,45,Mirzapur,Goa,Home Office
C0253,Isha Chakraborty,Female,40,Belgaum,Tamil Nadu,Home Office
C0254,Janya Mallick,Female,35,Bhind,Telangana,Corporate
C0255,Isaiah Handa,Female,32,Chapra,Andhra Pradesh,Consumer
C0256,Laban Hora,Male,38,Hapur,Manipur,Consumer
C0257,Veer Sundaram,Male,30,Panchkula,Madhya Pradesh,Consumer
C0258,Yahvi Parmar,Female,35,Aurangabad,Arunachal Pradesh,Home Office
C0259,Watika Chaudhuri,Female,24,Pallavaram,Sikkim,Consumer
C0260,Eta Ray,Female,32,Burhanpur,Madhya Pradesh,Corporate
C0261,Devika Kalla,Male,37,Tumkur,Bihar,Consumer
C0262,Vihaan Sehgal,Male,35,Kollam,Kerala,Consumer
C0263,Rachana Chokshi,Male,53,Ongole,Mizoram,Corporate
C0264,Yashoda Raval,Male,58,Bhimavaram,Bihar,Corporate
C0265,Krishna Bhasin,Male,18,Hapur,Nagaland,Home Office
C0266,Robert Devan,Female,48,Patna,Telangana,Corporate
C0267,Adweta Subramaniam,Female,39,Rourkela,Goa,Consumer
C0268,Rudra Issac,Male,34,Mau,Assam,Corporate
C0269,Urvashi Arya,Male,22,Avadi,Manipur,Corporate
C0270,Eiravati Jain,Female,22,Visakhapatnam,Tamil Nadu,Home Office
C0271,Bishakha Dhaliwal,Male,27,Agartala,Gujarat,Consumer
C0272,Hitesh Kothari,Female,23,Udupi,Nagaland,Consumer
C0273,Upasna Bhatnagar,Male,53,Morena,Sikkim,Corporate
C0274,Timothy Sen,Male,51,Hazaribagh,Uttar Pradesh,Corporate
C0275,Aishani Khare,Female,46,Muzaffarnagar,Assam,Corporate
C0276,Shaurya Oza,Female,37,Nagercoil,Rajasthan,Home Office
C0277,Aishani Pillay,Male,57,Jodhpur,Haryana,Home Office
C0278,Balhaar Deep,Male,31,Bihar Sharif,Tripura,Home Office
C0279,Chatresh Hegde,Male,34,Amritsar,Tamil Nadu,Home Office
C0280,Om Srivastava,Male,28,Sambhal,Jharkhand,Consumer
C0281,Hritik Dara,Male,53,Amaravati,Rajasthan,Consumer
C0282,Ikbal Borah,Male,18,Bhiwandi,Himachal Pradesh,Corporate
C0283,Vedika Chokshi,Female,56,Bhiwani,Uttar Pradesh,Corporate
C0284,Ikbal Sarkar,Female,20,Siliguri,Mizoram,Consumer
C0285,Peter Pal,Female,36,Karaikudi,Rajasthan,Home Office
C0286,Mohini Babu,Female,22,Karnal,Chhattisgarh,Home Office
C0287,Alka Bal,Male,34,Panipat,Sikkim,Home Office
C0288,Arjun Kothari,Male,45,Dharmavaram,Punjab,Consumer
C0289,Peter Setty,Male,59,Gurgaon,Kerala,Consumer
C0290,Ekani Pandit,Female,27,Hajipur,Andhra Pradesh,Consumer
C0291,Darsh Venkatesh,Male,28,Aligarh,West Bengal,Corporate
C0292,Balveer Agate,Female,46,Erode,Jharkhand,Consumer
C0293,Sarthak Kala,Female,37,Giridih,Mizoram,Home Office
C0294,Wahab Ram,Female,35,Nanded,Assam,Home Office
C0295,Qushi Khare,Female,46,Suryapet,Telangana,Consumer
C0296,Jairaj Nagarajan,Male,45,Adoni,Odisha,Home Office
C0297,Agastya Kale,Female,56,Muzaffarpur,Goa,Corporate
C0298,Frederick Ahluwalia,Male,23,Aurangabad,Tripura,Consumer
C0299,Sanaya Badal,Male,35,Gudivada,Rajasthan,Home Office
C0300,Yuvraj Chokshi,Male,29,Ballia,Maharashtra,Corporate
C0301,Vedant Rajan,Female,35,Kishanganj,Uttarakhand,Consumer
C0302,Arin Amble,Female,58,Gandhidham,Tripura,Corporate
C0303,Panini Saraf,Male,48,Ahmednagar,Arunachal Pradesh,Corporate
C0304,Joshua Chakrabarti,Female,39,Singrauli,Haryana,Corporate
C0305,Jatin Gade,Male,28,Sri Ganganagar,Odisha,Corporate
C0306,Saksham Peri,Female,49,Bathinda,Manipur,Corporate
C0307,Indali Lanka,Female,53,Rajpur Sonarpur,Maharashtra,Consumer
C0308,Libni Toor,Female,23,Belgaum,Telangana,Corporate
C0309,Bakhshi Chandra,Female,38,Tiruppur,Assam,Consumer
C0310,Onveer Palan,Female,50,Patna,Meghalaya,Consumer
C0311,Nandini Dhawan,Female,44,Jalandhar,Madhya Pradesh,Consumer
C0312,Azad Kannan,Male,51,Chandrapur,Uttar Pradesh,Corporate
C0313,Zayyan Datta,Female,58,Phagwara,Chhattisgarh,Corporate
C0314,Nitara Zachariah,Male,31,Rohtak,Punjab,Corporate
C0315,Harita Gole,Male,36,Bidhannagar,Jharkhand,Corporate
C0316,Amruta Loyal,Female,25,Amritsar,Goa,Consumer
C0317,Zarna Kalla,Male,28,Nandyal,Jharkhand,Corporate
C0318,Lopa Aurora,Male,53,Sambhal,Karnataka,Corporate
C0319,Rachit Badal,Male,32,Bhagalpur,Madhya Pradesh,Consumer
C0320,Henry Seshadri,Female,25,Deoghar,Mizoram,Home Office
C0321,Saksham Sachdev,Male,49,Srikakulam,Uttarakhand,Home Office
C0322,Alka Sankar,Female,50,Baranagar,Uttar Pradesh,Home Office
C0323,Balendra Johal,Female,44,Haldia,Mizoram,Corporate
C0324,Chaaya Sama,Female,33,Tadepalligudem,Bihar,Corporate
C0325,Saumya Sheth,Male,42,Ambarnath,Assam,Consumer
C0326,Ronith Naik,Male,22,Amaravati,Meghalaya,Corporate
C0327,Manthan Uppal,Female,39,Dhanbad,Punjab,Home Office
C0328,Upadhriti Behl,Female,18,Bareilly,Chhattisgarh,Corporate
C0329,Vasana More,Female,55,Chandrapur,Uttar Pradesh,Home Office
C0330,Om Date,Female,27,Chandigarh,Nagaland,Corporate
C0331,Garima Trivedi,Female,40,Thane,Gujarat,Corporate
C0332,Barkha Rout,Female,47,Vijayanagaram,Karnataka,Corporate
C0333,Ayaan Nadkarni,Male,33,Machilipatnam,Uttar Pradesh,Home Office
C0334,Damyanti Chauhan,Female,32,Rajkot,Kerala,Corporate
C0335,Rachana Subramanian,Male,38,Tadepalligudem,Karnataka,Home Office
C0336,Ishani Yohannan,Female,42,Machilipatnam,Rajasthan,Corporate
C0337,Yatin Kapadia,Male,49,Chittoor,Punjab,Consumer
C0338,Chanchal Gaba,Male,50,Pallavaram,Himachal Pradesh,Home Office
C0339,Chakradhar Zachariah,Female,24,Alwar,Nagaland,Corporate
C0340,Lekha Ravi,Male,51,Howrah,Himachal Pradesh,Corporate
C0341,Ekaja Chand,Male,27,Aizawl,Kerala,Corporate
C0342,Devansh Manda,Male,22,Ahmednagar,Himachal Pradesh,Corporate
C0343,Ladli Trivedi,Female,39,Aizawl,Meghalaya,Home Office
C0344,Mason Gaba,Female,59,Gorakhpur,Kerala,Consumer
C0345,Unnati Bail,Female,52,Serampore,Odisha,Corporate
C0346,Irya Kalita,Female,58,Srinagar,Karnataka,Home Office
C0347,Azad Datta,Female,52,Dewas,Odisha,Consumer
C0348,Ryan Biswas,Male,33,Unnao,Uttarakhand,Home Office
C0349,Bhanumati Joshi,Female,32,Unnao,Andhra Pradesh,Home Office
C0350,Devika Lad,Male,45,Aizawl,Punjab,Consumer
C0351,Ijaya Johal,Male,46,Varanasi,Rajasthan,Consumer
C0352,Saumya Buch,Female,19,Phagwara,Jharkhand,Consumer
C0353,Aditya Kashyap,Female,21,Hospet,Nagaland,Corporate
C0354,Yamini Rege,Female,41,Kollam,Assam,Corporate
C0355,Janya Sandhu,Male,33,Aurangabad,Uttarakhand,Home Office
C0356,Neelima Shankar,Female,54,Guntur,Nagaland,Home Office
C0357,Harita Ahluwalia,Male,28,Pallavaram,Nagaland,Consumer
C0358,Udarsh Bhat,Male,57,Srinagar,Punjab,Corporate
C0359,Rayaan Nayar,Male,49,Saharsa,Chhattisgarh,Home Office
C0360,Praneel Gaba,Male,32,Gorakhpur,Tamil Nadu,Corporate
C0361,Barkha Dayal,Female,47,Miryalaguda,Haryana,Corporate
C0362,Alka Sarkar,Male,47,Karawal Nagar,Meghalaya,Corporate
C0363,Kashish Rastogi,Male,22,Meerut,Uttarakhand,Corporate
C0364,Aahana Dhar,Female,55,Rampur,Odisha,Corporate
C0365,Ryan Rai,Female,34,Mirzapur,Odisha,Corporate
C0366,Vedhika Malhotra,Female,30,Bhiwandi,Meghalaya,Corporate
C0367,Vedant Merchant,Female,24,Guna,Goa,Consumer
C0368,Hredhaan Joshi,Female,54,Vijayawada,Goa,Corporate
C0369,Abhiram Zachariah,Female,36,Ahmednagar,Arunachal Pradesh,Consumer
C0370,Henry Nair,Female,35,Serampore,Karnataka,Consumer
C0371,Vasana Raj,Male,56,Ongole,Kerala,Home Office
C0372,Wazir Narasimhan,Female,36,Jhansi,Chhattisgarh,Consumer
C0373,Daksha Dugar,Female,32,Parbhani,Tripura,Home Office
C0374,Nathaniel Loke,Male,57,Gandhinagar,Tripura,Corporate
C0375,Timothy Bora,Male,58,Tirupati,Assam,Consumer
C0376,Urvashi Loyal,Male,37,Agra,Assam,Corporate
C0377,Riya Toor,Male,55,Khora ,Tamil Nadu,Corporate
C0378,Netra Ravel,Male,23,Asansol,Nagaland,Corporate
C0379,Naksh Lad,Female,44,Gorakhpur,Kerala,Consumer
C0380,Finn Kalla,Male,26,Medininagar,Assam,Home Office
C0381,Amaira Hegde,Female,51,Jamnagar,Tripura,Home Office
C0382,Wishi Deol,Female,28,Guntur,Madhya Pradesh,Corporate
C0383,Dayamai Kumar,Female,36,Jalgaon,Nagaland,Home Office
C0384,Ladli Thaker,Female,25,Medininagar,Arunachal Pradesh,Corporate
C0385,Patrick Anand,Male,27,Haldia,Maharashtra,Consumer
C0386,Vinaya Kuruvilla,Female,53,Dehradun,Andhra Pradesh,Corporate
C0387,Gautami Bhagat,Male,43,Baranagar,Goa,Consumer
C0388,Abhiram Bandi,Female,52,Nagercoil,Punjab,Consumer
C0389,Fariq Sahni,Female,41,Bhilai,Meghalaya,Home Office
C0390,Megha Deep,Female,55,Ichalkaranji,Andhra Pradesh,Corporate
C0391,Mohammed Agate,Female,24,Hosur,Sikkim,Home Office
C0392,Ojasvi Dayal,Male,48,Gandhidham,Himachal Pradesh,Consumer
C0393,Harshil Ganesan,Female,57,Hindupur,Meghalaya,Consumer
C0394,Garima Bhatia,Male,58,Vadodara,Maharashtra,Corporate
C0395,Vanya Sachdev,Female,59,Uluberia,Arunachal Pradesh,Corporate
C0396,Baghyawati Chada,Male,26,Ramgarh,Assam,Consumer
C0397,Ethan Suri,Male,37,Pali,Odisha,Corporate
C0398,Lucky Grewal,Male,24,Davanagere,Meghalaya,Consumer
C0399,Arunima Sami,Male,42,Sasaram,Andhra Pradesh,Corporate
C0400,Ekaja Borra,Female,60,Bettiah,Kerala,Home Office
C0401,Dipta Chaudhuri,Female,55,Nandyal,Assam,Home Office
C0402,Warinder Devi,Male,44,Kalyan-Dombivli,Nagaland,Home Office
C0403,Anthony Rajagopal,Male,49,Adoni,Bihar,Home Office
C0404,Neelima Mahajan,Female,35,Bilaspur,Gujarat,Consumer
C0405,Hamsini Deep,Female,31,Muzaffarnagar,Chhattisgarh,Corporate
C0406,Azaan Saran,Female,33,Sambalpur,Himachal Pradesh,Corporate
C0407,Madhav Raju,Male,41,Thoothukudi,Sikkim,Home Office
C0408,Alexander Bose,Female,21,Tadipatri,Rajasthan,Corporate
C0409,Udarsh Pathak,Female,30,Silchar,Haryana,Consumer
C0410,Xavier Sidhu,Female,23,Singrauli,West Bengal,Home Office
C0411,Ryan Bhargava,Male,59,Kirari Suleman Nagar,Maharashtra,Home Office
C0412,Rohan Garg,Male,21,Durgapur,Odisha,Corporate
C0413,Amol Saxena,Male,26,Mumbai,Manipur,Home Office
C0414,Vritti Dixit,Male,22,Karaikudi,Tamil Nadu,Home Office
C0415,Chakradhar Bhat,Male,55,Rajpur Sonarpur,Punjab,Consumer
C0416,Ansh Tripathi,Male,39,Gandhinagar,Telangana,Consumer
C0417,Anamika Gupta,Male,35,Silchar,Bihar,Consumer
C0418,Leela Loke,Male,52,Madanapalle,West Bengal,Corporate
C0419,Jagrati Jhaveri,Male,25,Karaikudi,Uttar Pradesh,Home Office
C0420,Chandran Wadhwa,Male,26,Guntakal,Kerala,Consumer
C0421,Ganga Sampath,Female,33,Singrauli,Odisha,Home Office
C0422,Kritika Kakar,Female,19,Kamarhati,Chhattisgarh,Consumer
C0423,Yashoda Sama,Female,21,Tadepalligudem,Himachal Pradesh,Consumer
C0424,Avi Dua,Female,51,Sultan Pur Majra,Tripura,Consumer
C0425,Wazir Jaggi,Male,48,Jalandhar,Karnataka,Corporate
C0426,Amrita Khare,Female,50,Srinagar,Manipur,Home Office
C0427,Bhavya Pai,Male,46,Sonipat,Tripura,Home Office
C0428,Jagat Panchal,Male,57,Latur,Andhra Pradesh,Consumer
C0429,Nathan Manne,Female,47,Udupi,Kerala,Home Office
C0430,Xavier Narasimhan,Male,21,Kollam,Maharashtra,Corporate
C0431,Christopher Vasa,Female,45,Satna,Karnataka,Home Office
C0432,Daksh Grewal,Male,49,Tadipatri,Jharkhand,Home Office
C0433,Pavani Sangha,Female,22,Munger,Madhya Pradesh,Consumer
C0434,Darsh Dada,Female,56,Dharmavaram,Uttarakhand,Consumer
C0435,Gauri Konda,Male,26,Nagpur,Mizoram,Corporate
C0436,Meghana Som,Female,42,South Dumdum,Madhya Pradesh,Home Office
C0437,Ojas Oza,Female,47,Bihar Sharif,West Bengal,Home Office
C0438,Reva Rout,Female,24,Danapur,Sikkim,Home Office
C0439,Gopal Parikh,Male,59,Ramagundam,Himachal Pradesh,Home Office
C0440,Jacob Goda,Male,45,Jhansi,Andhra Pradesh,Corporate
C0441,Raghav Patla,Male,44,Ghaziabad,Uttar Pradesh,Corporate
C0442,Gagan Arora,Female,43,Giridih,Gujarat,Corporate
C0443,Parth Deo,Male,38,Bellary,Goa,Corporate
C0444,Bhavna Kadakia,Female,60,Akola,Maharashtra,Corporate
C0445,Maanas Banerjee,Female,27,Coimbatore,Maharashtra,Home Office
C0446,Deepa Trivedi,Female,22,Chandigarh,Chhattisgarh,Consumer
C0447,Samaksh Ahluwalia,Male,23,Gopalpur,Andhra Pradesh,Corporate
C0448,Yutika Kapur,Male,41,Amaravati,Bihar,Consumer
C0449,Kiaan Ganesan,Male,55,Bijapur,Goa,Home Office
C0450,Nakul Raghavan,Female,60,Ballia,Manipur,Consumer
C0451,Xalak Sharaf,Female,40,Bidar,Chhattisgarh,Home Office
C0452,Ayushman Kapur,Female,21,Jalna,Goa,Corporate
C0453,Yutika Ram,Female,40,Agra,Arunachal Pradesh,Consumer
C0454,Faraj Atwal,Male,27,Phagwara,Tripura,Home Office
C0455,Faraj Manda,Female,32,Rampur,Haryana,Consumer
C0456,Anya Seth,Female,53,Latur,Jharkhand,Corporate
C0457,Bachittar Patil,Male,35,Rampur,Madhya Pradesh,Home Office
C0458,Nitesh Dugal,Male,45,Jamalpur,Odisha,Home Office
C0459,Fitan Issac,Male,56,Vijayanagaram,Nagaland,Home Office
C0460,Avni Rege,Female,19,Karawal Nagar,Karnataka,Consumer
C0461,Inaya Maharaj,Female,37,Kavali,Odisha,Corporate
C0462,Lakshit Sura,Female,18,Raiganj,Goa,Consumer
C0463,Brijesh Dutt,Male,54,Morena,Bihar,Home Office
C0464,Xavier Thaker,Female,22,Chandigarh,Odisha,Consumer
C0465,Kabir Pall,Male,23,Shimoga,Uttar Pradesh,Home Office
C0466,Niharika Lala,Male,42,Naihati,Madhya Pradesh,Corporate
C0467,Krish Dhawan,Female,39,Bhubaneswar,Chhattisgarh,Consumer
C0468,Tanvi Krishna,Female,37,Bally,Uttarakhand,Home Office
C0469,Nathaniel Ratta,Female,54,Phusro,Arunachal Pradesh,Home Office
C0470,Janaki Sachar,Male,21,Ulhasnagar,Kerala,Consumer
C0471,Indira Shroff,Male,57,Kota,Punjab,Consumer
C0472,Faris Handa,Male,35,Serampore,Tripura,Corporate
C0473,Anita Mohanty,Female,49,Chinsurah,Jharkhand,Home Office
C0474,Faraj Vyas,Female,44,North Dumdum,Punjab,Corporate
C0475,Bahadurjit Garde,Male,50,Sultan Pur Majra,Andhra Pradesh,Consumer
C0476,Eshana Dugal,Female,45,Howrah,Meghalaya,Consumer
C0477,Anay Sagar,Female,55,Tiruchirappalli,Chhattisgarh,Corporate
C0478,Veda Karnik,Female,20,Pallavaram,Manipur,Consumer
C0479,George Verma,Female,56,Howrah,Uttarakhand,Consumer
C0480,Dev Rastogi,Male,31,Bally,Arunachal Pradesh,Corporate
C0481,Zaitra Chaudry,Male,26,Bulandshahr,Goa,Corporate
C0482,Lakshit Yogi,Female,38,Darbhanga,Gujarat,Consumer
C0483,Anmol Nath,Male,49,Phagwara,West Bengal,Home Office
C0484,Jacob Biswas,Female,29,Ambala,Uttar Pradesh,Consumer
C0485,Jason Chandran,Female,52,Kirari Suleman Nagar,Telangana,Home Office
C0486,Chanchal Buch,Male,50,Mangalore,Maharashtra,Home Office
C0487,Warhi Raghavan,Female,22,Secunderabad,Odisha,Corporate
C0488,Mitali Saraf,Male,45,Bhopal,Meghalaya,Consumer
C0489,Owen Korpal,Female,22,Avadi,Chhattisgarh,Corporate
C0490,Chandresh Krishna,Female,54,Tenali,Chhattisgarh,Corporate
C0491,Chasmum Lad,Female,36,Barasat,Kerala,Consumer
C0492,Nimrat Dhawan,Female,19,Bhatpara,West Bengal,Corporate
C0493,Siya De,Male,57,Mau,Goa,Corporate
C0494,Aarini Tripathi,Female,23,Akola,Nagaland,Corporate
C0495,Lipika Krishnan,Male,33,Bhiwandi,Sikkim,Corporate
C0496,Chanakya Choudhry,Female,51,Panihati,Uttar Pradesh,Consumer
C0497,Bahadurjit Subramaniam,Female,37,Varanasi,Haryana,Home Office
C0498,Rachit Divan,Female,32,Tirupati,Kerala,Corporate
C0499,Geetika Menon,Male,22,Haridwar,Rajasthan,Home Office
C0500,Arunima Biswas,Male,51,Haldia,Odisha,Home Office
C0501,Vedant Saha,Male,40,Ballia,Himachal Pradesh,Corporate
C0502,Isaiah Banik,Male,33,Panihati,Punjab,Consumer
C0503,Yutika Zacharia,Male,34,Miryalaguda,Uttarakhand,Consumer
C0504,Vihaan Sabharwal,Male,56,Nellore,Mizoram,Consumer
C0505,Naksh Srinivasan,Male,29,Haridwar,Assam,Home Office
C0506,Chandani Zachariah,Female,47,Kurnool,Karnataka,Home Office
C0507,Maya Soni,Female,54,Etawah,Gujarat,Home Office
C0508,Andrew Gala,Female,58,Etawah,Bihar,Corporate
C0509,Sathvik Minhas,Male,46,Ramgarh,Haryana,Consumer
C0510,Nicholas Rau,Female,46,Anantapur,Mizoram,Home Office
C0511,Falguni Lall,Female,35,Panchkula,Odisha,Home Office
C0512,Xiti Kaul,Male,40,Ambarnath,Manipur,Home Office
C0513,Darsh Sekhon,Male,37,Guwahati,Telangana,Corporate
C0514,Tejas Iyengar,Female,20,Sangli-Miraj & Kupwad,Himachal Pradesh,Consumer
C0515,Balhaar Das,Female,36,Davanagere,Tripura,Consumer
C0516,Tejas Goyal,Male,57,Begusarai,Gujarat,Home Office
C0517,Benjamin Nayar,Female,47,Ludhiana,Bihar,Home Office
C0518,Karan Sachar,Male,46,Pondicherry,Punjab,Home Office
C0519,Yug Tak,Male,38,Guwahati,Rajasthan,Home Office
C0520,Isaac Mangat,Female,50,Ranchi,Chhattisgarh,Consumer
C0521,Ekanta Bal,Male,46,Deoghar,Punjab,Consumer
C0522,Abdul Thaker,Female,23,Sirsa,Rajasthan,Home Office
C0523,Pranav Wason,Male,20,Silchar,Bihar,Consumer
C0524,Garima Buch,Female,46,Dhanbad,Haryana,Home Office
C0525,Ikshita Kapur,Male,41,Singrauli,Andhra Pradesh,Corporate
C0526,Vamakshi Bahl,Female,42,Ulhasnagar,Kerala,Corporate
C0527,Mason D’Alia,Female,56,Panihati,Jharkhand,Consumer
C0528,Odika Bobal,Female,22,Adoni,Chhattisgarh,Corporate
C0529,Oviya Prabhakar,Male,53,Bhavnagar,Madhya Pradesh,Home Office
C0530,Hemani Mitra,Female,36,Hubli–Dharwad,Mizoram,Corporate
C0531,Ekani Narayanan,Male,39,Bhopal,Karnataka,Consumer
C0532,Chakrika Das,Male,40,Ratlam,Manipur,Corporate
C0533,Vedant Swaminathan,Female,26,Dhanbad,Nagaland,Home Office
C0534,Triya Mittal,Male,37,Gandhinagar,Telangana,Home Office
C0535,Vaishnavi Murthy,Female,59,Bangalore,Bihar,Corporate
C0536,Samar Apte,Male,60,Nagaon,Chhattisgarh,Home Office
C0537,Krish Raj,Male,59,Jalgaon,Madhya Pradesh,Home Office
C0538,Balhaar Rana,Female,50,Latur,Andhra Pradesh,Corporate
C0539,Saksham Aurora,Male,41,Kolhapur,Odisha,Corporate
C0540,Varenya Solanki,Male,31,Anantapur,Tamil Nadu,Corporate
C0541,Abeer Chaudhuri,Female,30,Mehsana,Mizoram,Consumer
C0542,Owen Batra,Male,27,Varanasi,Telangana,Consumer
C0543,Damyanti Chaudhry,Female,24,Jalgaon,Madhya Pradesh,Home Office
C0544,Yashodhara Naidu,Male,60,Alappuzha,Manipur,Corporate
C0545,Isaiah Madan,Male,56,Patiala,Uttar Pradesh,Corporate
C0546,Nikita Gaba,Male,28,Agra,Gujarat,Consumer
C0547,Hemani Kannan,Male,46,Mysore,Uttarakhand,Consumer
C0548,Inaya Comar,Female,41,Surat,Rajasthan,Home Office
C0549,Charita Luthra,Male,46,Karaikudi,Bihar,Home Office
C0550,Ubika Bakshi,Female,46,Raurkela Industrial Township,Arunachal Pradesh,Consumer
C0551,Veda Walla,Male,37,Madhyamgram,Chhattisgarh,Corporate
C0552,Raagini Kala,Male,41,Gwalior,Madhya Pradesh,Home Office
C0553,Falak Babu,Female,47,Allahabad,Chhattisgarh,Corporate
C0554,Samesh Modi,Female,50,Vasai-Virar,Madhya Pradesh,Home Office
C0555,Chandran Loyal,Female,28,Ratlam,Karnataka,Consumer
C0556,Vaishnavi Som,Male,34,Mira-Bhayandar,Karnataka,Consumer
C0557,Maya Sen,Female,41,Hubli–Dharwad,Tripura,Home Office
C0558,Maya Narasimhan,Male,51,Khora ,Sikkim,Consumer
C0559,Ganga Panchal,Female,23,Danapur,Tripura,Consumer
C0560,Zarna Sridhar,Female,46,Durg,Manipur,Home Office
C0561,Pallavi Menon,Male,45,Alwar,Himachal Pradesh,Consumer
C0562,Xalak Kant,Male,46,Ballia,Himachal Pradesh,Corporate
C0563,Gagan Grewal,Male,44,Kota,Tripura,Consumer
C0564,Yuvraj Vasa,Female,50,Jaunpur,Tripura,Corporate
C0565,Vrishti Choudhry,Male,42,Bhilwara,Chhattisgarh,Consumer
C0566,Lajita Wadhwa,Female,32,Pallavaram,Kerala,Consumer
C0567,Neel Bawa,Female,24,Delhi,Mizoram,Home Office
C0568,Onkar Vig,Female,27,Ratlam,Jharkhand,Consumer
C0569,Nidhi Yogi,Male,36,Bangalore,Uttar Pradesh,Corporate
C0570,Hemangini Ramanathan,Male,48,Anand,Nagaland,Corporate
C0571,Balhaar Srivastava,Male,23,Visakhapatnam,Maharashtra,Consumer
C0572,Gayathri Iyer,Female,31,Guna,Rajasthan,Consumer
C0573,Anika Keer,Female,25,Siliguri,West Bengal,Corporate
C0574,Upasna Memon,Male,37,Surendranagar Dudhrej,Maharashtra,Consumer
C0575,Manya Lata,Male,33,Bhiwani,Punjab,Corporate
C0576,Fariq Dhillon,Female,22,Salem,Uttarakhand,Consumer
C0577,Panini Bajaj,Female,56,Sangli-Miraj & Kupwad,Mizoram,Home Office
C0578,Elijah Narayanan,Male,58,Hyderabad,Kerala,Home Office
C0579,Chaman Ramesh,Male,27,Amravati,Karnataka,Corporate
C0580,Eesha Bhatti,Female,18,Visakhapatnam,Chhattisgarh,Home Office
C0581,Ayushman Sen,Female,33,Junagadh,Tripura,Home Office
C0582,Lila Rattan,Female,29,Rourkela,Tamil Nadu,Home Office
C0583,Krishna Sundaram,Male,51,Navi Mumbai,Uttar Pradesh,Corporate
C0584,Aryan Shroff,Male,51,Barasat,Chhattisgarh,Home Office
C0585,Leena Thaker,Male,42,Bhiwandi,Telangana,Corporate
C0586,Xavier Loke,Male,58,Ramagundam,Tamil Nadu,Corporate
C0587,Bhavna Lad,Female,34,Gopalpur,Bihar,Home Office
C0588,Ekanta Wali,Male,40,Nizamabad,Andhra Pradesh,Consumer
C0589,Chaman Karpe,Female,33,Panvel,Jharkhand,Home Office
C0590,Aashi Thaker,Male,55,Buxar,Assam,Home Office
C0591,Devika Saha,Female,26,Giridih,Chhattisgarh,Consumer
C0592,Samaksh Kaul,Female,52,Udupi,Karnataka,Corporate
C0593,Pahal Kannan,Male,47,Rampur,Mizoram,Home Office
C0594,Orinder Sharaf,Female,58,Dhanbad,Uttar Pradesh,Consumer
C0595,Girindra Saini,Male,22,Thiruvananthapuram,Odisha,Home Office
C0596,Tanish Jha,Female,20,Srikakulam,Haryana,Corporate
C0597,Faris Butala,Male,20,Amroha,Bihar,Consumer
C0598,Zansi Chaudry,Male,38,Vasai-Virar,Madhya Pradesh,Corporate
C0599,Nathan Kanda,Female,52,Thoothukudi,West Bengal,Corporate
C0600,Harita Dhar,Female,20,Tadepalligudem,Tamil Nadu,Home Office
C0601,Azad Nadkarni,Male,36,Vijayanagaram,Karnataka,Corporate
C0602,Jacob Narain,Male,59,Vijayanagaram,Tamil Nadu,Corporate
C0603,Chandresh Cherian,Female,25,Bhubaneswar,Arunachal Pradesh,Corporate
C0604,Reyansh Morar,Female,43,Dehri,Odisha,Home Office
C0605,Reva Pandit,Female,42,Morena,Uttarakhand,Corporate
C0606,Hitesh Bansal,Male,49,Bhatpara,Arunachal Pradesh,Home Office
C0607,Maanas Dass,Female,41,New Delhi,Meghalaya,Home Office
C0608,Devansh Tandon,Female,23,Burhanpur,West Bengal,Home Office
C0609,Onkar Sandal,Female,23,Belgaum,Uttar Pradesh,Corporate
C0610,Aditya Pant,Male,52,Raichur,Jharkhand,Corporate
C0611,Qasim Dhawan,Female,24,Bhilwara,Assam,Consumer
C0612,Thomas Baria,Female,60,Ulhasnagar,Maharashtra,Corporate
C0613,Naveen Dugar,Female,46,Davanagere,Meghalaya,Home Office
C0614,Anthony Sarna,Female,28,Eluru,Manipur,Home Office
C0615,Veer Balakrishnan,Female,40,Parbhani,Rajasthan,Corporate
C0616,Yatin Banik,Male,40,Bally,Uttarakhand,Home Office
C0617,Oviya Butala,Female,35,Tumkur,Arunachal Pradesh,Home Office
C0618,Niharika Chana,Male,22,Nagpur,Manipur,Home Office
C0619,Yachana Basu,Female,41,Chandigarh,Karnataka,Home Office
C0620,Jacob Gopal,Male,19,Bellary,Himachal Pradesh,Consumer
C0621,Vedika Amble,Female,20,Rajpur Sonarpur,Karnataka,Consumer
C0622,Kritika Acharya,Male,33,Deoghar,Punjab,Home Office
C0623,Rachita Golla,Female,41,Bhimavaram,Rajasthan,Corporate
C0624,Reyansh Behl,Male,56,Phagwara,Rajasthan,Consumer
C0625,Arin Manda,Female,41,Sambalpur,Kerala,Corporate
C0626,Simon Saran,Female,22,Pali,Manipur,Home Office
C0627,Lohit Chokshi,Male,51,Thoothukudi,Gujarat,Corporate
C0628,Agastya Chaudry,Female,38,Khammam,Karnataka,Home Office
C0629,Hema Rao,Female,33,Bhagalpur,Uttar Pradesh,Consumer
C0630,Ishanvi Gala,Male,29,Unnao,Chhattisgarh,Corporate
C0631,Keya Merchant,Female,53,Karimnagar,Haryana,Consumer
C0632,Oliver Arya,Female,34,Rajahmundry,West Bengal,Home Office
C0633,Priya Salvi,Female,31,Kochi,Karnataka,Home Office
C0634,Nathan Chauhan,Female,49,Akola,Karnataka,Consumer
C0635,Fariq Sethi,Male,26,Hyderabad,Gujarat,Consumer
C0636,Sarthak Murty,Female,29,Patiala,Maharashtra,Home Office
C0637,Radhika Borde,Female,23,Surendranagar Dudhrej,Sikkim,Home Office
C0638,Lipika Yohannan,Female,60,Delhi,Meghalaya,Corporate
C0639,Liam Koshy,Male,53,Buxar,Nagaland,Home Office
C0640,Shaurya Kumer,Female,37,Kochi,Telangana,Consumer
C0641,Aditya Baral,Male,41,Bally,Himachal Pradesh,Home Office
C0642,Fariq Toor,Male,25,Munger,Himachal Pradesh,Consumer
C0643,Darpan Garg,Male,33,Ahmednagar,Jharkhand,Corporate
C0644,Abhiram Yogi,Male,41,Hazaribagh,Punjab,Home Office
C0645,Nisha Lad,Female,47,Ludhiana,Rajasthan,Home Office
C0646,Hitesh Garde,Male,57,Alwar,Odisha,Consumer
C0647,Zarna Sarraf,Male,37,Nellore,Manipur,Corporate
C0648,Krishna Mand,Female,51,Durg,Uttar Pradesh,Corporate
C0649,Qabil Murty,Female,54,Nangloi Jat,Madhya Pradesh,Consumer
C0650,Ishita Swamy,Male,38,Chandigarh,Odisha,Home Office
C0651,Krisha Rout,Male,46,Gudivada,Tamil Nadu,Corporate
C0652,Theodore Bhattacharyya,Female,26,Vadodara,Haryana,Home Office
C0653,Gaurav Master,Male,26,Ahmednagar,Uttar Pradesh,Corporate
C0654,Lopa Doctor,Male,25,Ahmednagar,Madhya Pradesh,Home Office
C0655,Parth Vora,Male,37,Faridabad,Kerala,Consumer
C0656,Jasmit Vig,Male,38,Kadapa,Madhya Pradesh,Home Office
C0657,Benjamin Kothari,Male,40,Mathura,Goa,Home Office
C0658,Harini Maharaj,Female,23,Kadapa,Uttarakhand,Corporate
C0659,Rudra Das,Male,58,Vasai-Virar,West Bengal,Home Office
C0660,Gaurangi Memon,Female,26,Kulti,Arunachal Pradesh,Home Office
C0661,Thomas Kara,Female,57,Farrukhabad,Telangana,Home Office
C0662,Dhriti Minhas,Male,50,Gandhinagar,Manipur,Home Office
C0663,Rushil Devan,Male,55,Udupi,Arunachal Pradesh,Home Office
C0664,Rachit Shenoy,Male,28,Rajpur Sonarpur,Uttar Pradesh,Home Office
C0665,Omaja Palla,Female,54,Kozhikode,Odisha,Consumer
C0666,Upkaar Sabharwal,Male,23,Eluru,Tamil Nadu,Consumer
C0667,Manya Prasad,Female,59,Ongole,Karnataka,Consumer
C0668,Vivaan Ramachandran,Female,57,Aurangabad,Nagaland,Home Office
C0669,Yashoda Aggarwal,Male,49,Kavali,Tamil Nadu,Home Office
C0670,Jalsa Aurora,Female,59,Kharagpur,Telangana,Corporate
C0671,Bhavani Balan,Female,33,Madhyamgram,Bihar,Home Office
C0672,Bakhshi Nath,Female,37,Panvel,Nagaland,Corporate
C0673,Alka Sathe,Male,21,Tinsukia,Assam,Consumer
C0674,Lohit Kade,Female,44,Patiala,Telangana,Corporate
C0675,Jai Nazareth,Female,31,Vellore,Tripura,Corporate
C0676,Bimala Walla,Male,38,Etawah,Goa,Home Office
C0677,Reyansh Jhaveri,Female,40,Raurkela Industrial Township,Bihar,Corporate
C0678,Yasti Chatterjee,Male,41,Gorakhpur,Himachal Pradesh,Home Office
C0679,Manthan Dugar,Male,38,Ambarnath,Haryana,Consumer
C0680,Pavani Mukherjee,Female,25,Ujjain,Nagaland,Corporate
C0681,Amruta Iyengar,Female,33,Cuttack,Meghalaya,Consumer
C0682,Bhavna Dave,Male,21,Gurgaon,Nagaland,Corporate
C0683,Jalsa Narayanan,Female,57,Varanasi,Assam,Corporate
C0684,Harita Verma,Male,28,Durgapur,Telangana,Corporate
C0685,Sanaya Ramakrishnan,Female,30,Amritsar,West Bengal,Consumer
C0686,Ishani Chaudhry,Female,50,Bangalore,West Bengal,Corporate
C0687,Inaya Mander,Female,37,Hosur,Chhattisgarh,Corporate
C0688,Vedant Kala,Male,23,Hosur,Arunachal Pradesh,Corporate
C0689,Daksha Gera,Female,33,Patna,Haryana,Consumer
C0690,Vasana Kibe,Female,21,Ghaziabad,Mizoram,Consumer
C0691,Arin Dixit,Female,49,Malda,Meghalaya,Home Office
C0692,Zarna Swaminathan,Female,36,Shimoga,Jharkhand,Home Office
C0693,Vasana Kamdar,Male,24,New Delhi,Bihar,Corporate
C0694,Ayaan Kant,Male,34,Amravati,Madhya Pradesh,Home Office
C0695,Ridhi Mohanty,Female,43,Mangalore,Tamil Nadu,Corporate
C0696,Gunbir Suresh,Male,43,Hazaribagh,Odisha,Consumer
C0697,Viraj Kamdar,Male,41,Ludhiana,West Bengal,Home Office
C0698,Naveen Sood,Female,22,Motihari,Nagaland,Corporate
C0699,Lakshmi Lalla,Female,53,Mirzapur,Madhya Pradesh,Corporate
C0700,Kai Varty,Male,26,Surendranagar Dudhrej,Sikkim,Consumer
C0701,Chakradhar Madan,Female,41,Kumbakonam,Nagaland,Corporate
C0702,Prisha Raman,Female,27,Howrah,Uttar Pradesh,Consumer
C0703,Aashi Butala,Female,50,Medininagar,Karnataka,Consumer
C0704,Faraj Sharma,Male,20,Ozhukarai,Punjab,Consumer
C0705,Ucchal Gour,Female,48,Indore,Arunachal Pradesh,Home Office
C0706,Brijesh Handa,Female,27,Jamnagar,Kerala,Home Office
C0707,Ira Lall,Male,38,Meerut,West Bengal,Home Office
C0708,Amruta Singh,Female,28,Rewa,Kerala,Corporate
C0709,Omaja Raja,Female,55,Machilipatnam,Chhattisgarh,Corporate
C0710,Udyati Patla,Female,54,Kochi,Manipur,Corporate
C0711,Chasmum Keer,Female,19,Jamnagar,Karnataka,Corporate
C0712,Chakradev Mishra,Female,25,Secunderabad,Madhya Pradesh,Corporate
C0713,Aadhya Gokhale,Female,58,Rewa,Chhattisgarh,Consumer
C0714,Tarak Babu,Female,34,Eluru,Goa,Home Office
C0715,Oliver Krishnamurthy,Male,21,Kanpur,Jharkhand,Home Office
C0716,Omaja Ben,Female,28,Shimoga,Andhra Pradesh,Home Office
C0717,Meera Srivastava,Female,27,Bijapur,Chhattisgarh,Home Office
C0718,Naveen Sawhney,Male,20,Hubli–Dharwad,Punjab,Home Office
C0719,Yashvi Kala,Male,30,Bhalswa Jahangir Pur,Tripura,Consumer
C0720,Warda Bir,Female,38,Giridih,Sikkim,Corporate
C0721,Praneel Luthra,Male,44,Eluru,Haryana,Home Office
C0722,Adya Goel,Male,44,Indore,Manipur,Home Office
C0723,Frado Batra,Female,21,Kirari Suleman Nagar,Karnataka,Home Office
C0724,Nathaniel Malhotra,Male,51,Hyderabad,Rajasthan,Consumer
C0725,Warhi Sethi,Female,60,Guwahati,Jharkhand,Corporate
C0726,Nilima Saha,Female,38,Bareilly,Haryana,Consumer
C0727,Pranit Zachariah,Female,52,Sultan Pur Majra,Mizoram,Corporate
C0728,Triveni Padmanabhan,Female,59,Thoothukudi,Manipur,Home Office
C0729,Jagdish Iyengar,Female,57,Agra,Himachal Pradesh,Corporate
C0730,Vivaan Buch,Male,33,Amaravati,Gujarat,Corporate
C0731,Aadi Pant,Female,32,Raurkela Industrial Township,Kerala,Corporate
C0732,Jack Swaminathan,Female,31,Ratlam,Manipur,Home Office
C0733,Devika Om,Female,38,Malegaon,Andhra Pradesh,Corporate
C0734,Arjun Jhaveri,Female,53,Mangalore,Bihar,Home Office
C0735,Tripti Bedi,Female,36,Karnal,Goa,Consumer
C0736,Kashvi Issac,Female,43,Bhatpara,Arunachal Pradesh,Corporate
C0737,Ekavir Ramesh,Male,36,Kozhikode,Tamil Nadu,Consumer
C0738,Vasana De,Female,23,Proddatur,Uttarakhand,Corporate
C0739,Frado Parsa,Female,59,Nashik,Mizoram,Corporate
C0740,Karan Gopal,Female,31,Solapur,Karnataka,Consumer
C0741,Jagrati Dewan,Female,53,Hindupur,Uttarakhand,Home Office
C0742,Ishita Banerjee,Female,26,Tiruppur,Odisha,Consumer
C0743,Ikbal De,Male,33,Ranchi,Chhattisgarh,Consumer
C0744,Luke Narula,Male,58,Medininagar,West Bengal,Consumer
C0745,Sarthak Taneja,Male,24,Haldia,Nagaland,Corporate
C0746,Sudiksha Chawla,Female,48,Bokaro,Uttarakhand,Consumer
C0747,Faris Bandi,Male,18,Mehsana,Punjab,Home Office
C0748,Jeet Tank,Male,44,Bhiwandi,Tamil Nadu,Home Office
C0749,Caleb Johal,Female,48,Navi Mumbai,Punjab,Home Office
C0750,Harshil Shah,Male,36,Rohtak,Manipur,Corporate
C0751,Saumya Narain,Female,59,Jammu,Andhra Pradesh,Consumer
C0752,Ishanvi Mann,Male,59,Agartala,Bihar,Home Office
C0753,Neelima Sachdev,Male,52,Bhavnagar,Bihar,Home Office
C0754,Gaurika Sarraf,Male,29,Dibrugarh,Gujarat,Corporate
C0755,Rudra Krishnan,Male,20,Shahjahanpur,Maharashtra,Corporate
C0756,Samar Taneja,Female,29,Srikakulam,Arunachal Pradesh,Home Office
C0757,Vinaya Wable,Female,20,Anantapuram,Odisha,Consumer
C0758,Panini Biswas,Female,54,Gurgaon,Andhra Pradesh,Home Office
C0759,Dhruv Bakshi,Male,39,Kottayam,Uttar Pradesh,Corporate
C0760,Harinakshi Varkey,Female,59,Bikaner,Andhra Pradesh,Home Office
C0761,Naveen Mangat,Female,26,Kottayam,Nagaland,Home Office
C0762,Ranbir Mannan,Female,35,Tezpur,Mizoram,Consumer
C0763,Rushil Mander,Male,39,Tiruchirappalli,Andhra Pradesh,Consumer
C0764,Mohini Dugar,Female,59,Nagaon,Himachal Pradesh,Corporate
C0765,Ojasvi Luthra,Male,18,Varanasi,Kerala,Home Office
C0766,Janani Pall,Female,36,Muzaffarpur,Chhattisgarh,Home Office
C0767,Shaurya Chaudry,Male,29,Gaya,Rajasthan,Home Office
C0768,Pooja Nigam,Female,45,Vellore,Maharashtra,Home Office
C0769,Parth Chawla,Female,23,Allahabad,Kerala,Corporate
C0770,Krishna Saran,Male,29,Raipur,Haryana,Consumer
C0771,Bhavika Tak,Female,38,Nangloi Jat,Andhra Pradesh,Consumer
C0772,Rajeshri Srivastava,Male,34,Orai,Chhattisgarh,Corporate
C0773,Leena Bala,Male,46,Sambalpur,Himachal Pradesh,Corporate
C0774,Aahana Sarma,Female,37,Pondicherry,Punjab,Home Office
C0775,Abdul Suresh,Male,34,Karimnagar,Chhattisgarh,Home Office
C0776,Yashawini Reddy,Female,33,Shimoga,Uttarakhand,Consumer
C0777,Gopal Minhas,Male,47,Aizawl,Punjab,Corporate
C0778,Finn Babu,Male,43,Raiganj,Karnataka,Home Office
C0779,Upma Ahluwalia,Female,25,Burhanpur,Nagaland,Home Office
C0780,Jeremiah Deshmukh,Female,41,Bilaspur,Uttar Pradesh,Home Office
C0781,Nakul Chaudhari,Male,32,Sangli-Miraj & Kupwad,Madhya Pradesh,Consumer
C0782,Madhav Suresh,Female,27,Katni,Andhra Pradesh,Corporate
C0783,Manan Kothari,Female,44,Panihati,Arunachal Pradesh,Home Office
C0784,Dakshesh Dutta,Female,52,Kharagpur,Chhattisgarh,Home Office
C0785,Geetika Gokhale,Male,33,Vijayawada,Andhra Pradesh,Home Office
C0786,Upasna Tella,Male,51,Berhampore,Rajasthan,Corporate
C0787,Wriddhish Magar,Female,22,Anantapur,Haryana,Home Office
C0788,Mugdha Bedi,Male,21,Narasaraopet,Odisha,Home Office
C0789,Harshil Pandya,Male,54,Bhiwandi,Telangana,Home Office
C0790,Harrison Sane,Male,28,Darbhanga,Uttar Pradesh,Corporate
C0791,Vasudha Gaba,Female,25,Bangalore,Uttarakhand,Home Office
C0792,Abhimanyu Sandhu,Male,55,Akola,Uttar Pradesh,Corporate
C0793,Qasim Gulati,Male,50,Rohtak,Madhya Pradesh,Corporate
C0794,Ayaan Chauhan,Male,47,Visakhapatnam,Kerala,Consumer
C0795,Peter Hari,Female,47,Gaya,Tripura,Home Office
C0796,Vasatika Dhaliwal,Male,53,Thiruvananthapuram,Madhya Pradesh,Corporate
C0797,Laksh Bumb,Female,19,Tirunelveli,Tamil Nadu,Corporate
C0798,Yash Bhatia,Female,18,Singrauli,Madhya Pradesh,Home Office
C0799,Riya Shanker,Male,55,Korba,Jharkhand,Consumer
C0800,Omaja Agarwal,Male,45,Chittoor,West Bengal,Corporate
C0801,Vasudha Bhagat,Male,52,Kirari Suleman Nagar,Himachal Pradesh,Consumer
C0802,Tarak Bail,Male,48,Darbhanga,Himachal Pradesh,Consumer
C0803,Yashoda Tandon,Female,44,Thoothukudi,Bihar,Consumer
C0804,Qushi Reddy,Male,59,Jabalpur,Telangana,Home Office
C0805,Ishwar Kanda,Female,41,Raiganj,Assam,Corporate
C0806,Frado Kalla,Female,42,Jhansi,Kerala,Corporate
C0807,Yatan Rajagopalan,Male,60,Hospet,Arunachal Pradesh,Home Office
C0808,Nachiket Kadakia,Male,59,Giridih,Uttar Pradesh,Corporate
C0809,Brinda Saraf,Male,29,Hyderabad,Jharkhand,Home Office
C0810,Devika Upadhyay,Female,51,Thoothukudi,Gujarat,Consumer
C0811,Tanvi Saran,Male,18,Bhatpara,Uttarakhand,Consumer
C0812,Fitan Saraf,Female,47,Karimnagar,Madhya Pradesh,Home Office
C0813,Praneel Vasa,Female,52,Baranagar,Kerala,Corporate
C0814,Urvashi Sheth,Male,33,Ujjain,Madhya Pradesh,Corporate
C0815,Ranbir Kadakia,Female,27,Tirupati,Arunachal Pradesh,Corporate
C0816,Andrew Divan,Male,25,Chandrapur,Tamil Nadu,Consumer
C0817,Onveer Kadakia,Female,57,Akola,Uttarakhand,Consumer
C0818,Yash Purohit,Male,31,Pondicherry,Sikkim,Consumer
C0819,Noah Iyengar,Male,56,Gaya,Sikkim,Consumer
C0820,George Bandi,Female,56,Coimbatore,Arunachal Pradesh,Home Office
C0821,Ryan Singhal,Male,33,Howrah,Meghalaya,Home Office
C0822,Farhan Nazareth,Male,43,Kozhikode,Meghalaya,Corporate
C0823,Pratyush Mukherjee,Male,52,Korba,West Bengal,Consumer
C0824,Xalak Toor,Male,26,Raipur,Rajasthan,Home Office
C0825,Chakradev Nagarajan,Female,32,Raebareli,Himachal Pradesh,Home Office
C0826,Chakrika Dutta,Female,54,Tinsukia,West Bengal,Home Office
C0827,Nihal Nigam,Female,33,Ongole,Meghalaya,Corporate
C0828,Jalsa Dutta,Male,60,Miryalaguda,Kerala,Home Office
C0829,Aditya Swaminathan,Male,44,Latur,Assam,Corporate
C0830,Orinder Kaul,Female,21,Surendranagar Dudhrej,Rajasthan,Home Office
C0831,Shivani Radhakrishnan,Male,58,Pali,Jharkhand,Home Office
C0832,Gopal Sangha,Female,53,Agartala,Odisha,Corporate
C0833,Maya Tandon,Male,40,Dindigul,Jharkhand,Home Office
C0834,Dalbir Rai,Female,51,Erode,Sikkim,Corporate
C0835,Vincent Warrior,Female,44,Solapur,Chhattisgarh,Consumer
C0836,Abeer Kumar,Female,42,Tadepalligudem,Andhra Pradesh,Consumer
C0837,Veda Zachariah,Female,33,Ludhiana,Uttar Pradesh,Consumer
C0838,Yatan Subramaniam,Female,27,Bilaspur,Himachal Pradesh,Corporate
C0839,Widisha Bhargava,Male,53,Kanpur,Telangana,Corporate
C0840,Dalbir Bail,Female,53,Noida,Maharashtra,Home Office
C0841,George Pandya,Male,42,Adoni,Nagaland,Consumer
C0842,Yashodhara Raju,Female,31,Chinsurah,Odisha,Corporate
C0843,Yashawini Sabharwal,Male,46,Bhimavaram,Goa,Corporate
C0844,Max Kanda,Male,52,Sonipat,Himachal Pradesh,Home Office
C0845,Vivaan Prasad,Male,21,Nangloi Jat,Karnataka,Corporate
C0846,Nandini Sarna,Female,56,Imphal,Chhattisgarh,Home Office
C0847,Balendra Madan,Male,22,Tirunelveli,Uttar Pradesh,Consumer
C0848,Darsh Prabhakar,Male,48,Surat,Sikkim,Consumer
C0849,Nimrat Loyal,Female,37,Mirzapur,Assam,Consumer
C0850,Mason Purohit,Male,30,Nangloi Jat,Tripura,Home Office
C0851,Jeremiah Solanki,Male,48,Jaipur,Nagaland,Consumer
C0852,Gautami Dube,Male,43,Madurai,Rajasthan,Consumer
C0853,Vaishnavi Majumdar,Female,36,Faridabad,Arunachal Pradesh,Corporate
C0854,Meera Bhatnagar,Female,52,Panihati,Tamil Nadu,Home Office
C0855,Ucchal Madan,Female,37,Panvel,Uttar Pradesh,Corporate
C0856,Owen Bhattacharyya,Female,50,Bikaner,Uttarakhand,Corporate
C0857,Samarth Kulkarni,Female,24,Silchar,Chhattisgarh,Home Office
C0858,Shaurya Borah,Female,38,Kolhapur,Manipur,Consumer
C0859,Gaurangi Manda,Female,38,Chinsurah,Kerala,Corporate
C0860,Manbir Bahl,Male,54,Shahjahanpur,Gujarat,Consumer
C0861,Yutika Balan,Male,19,Kulti,Andhra Pradesh,Corporate
C0862,Viraj Bhatnagar,Female,36,Kolhapur,Uttar Pradesh,Consumer
C0863,Advay Prabhu,Male,39,Gopalpur,Goa,Consumer
C0864,Amol Kibe,Female,54,Kulti,Uttarakhand,Consumer
C0865,Unni Sampath,Female,53,Aligarh,Bihar,Home Office
C0866,Ubika Varma,Female,34,Secunderabad,Arunachal Pradesh,Corporate
C0867,Rachana Varghese,Female,47,Jabalpur,Nagaland,Consumer
C0868,Victor Thakur,Female,28,Jabalpur,Sikkim,Consumer
C0869,Gavin Morar,Female,29,Guna,Himachal Pradesh,Home Office
C0870,Samarth Dutta,Male,51,Hubli–Dharwad,Himachal Pradesh,Consumer
C0871,Krish Char,Male,60,Chittoor,Gujarat,Consumer
C0872,Praneel Contractor,Male,44,Berhampur,Haryana,Consumer
C0873,Henry Gopal,Male,22,Orai,Arunachal Pradesh,Home Office
C0874,Bimala Pall,Male,18,Mango,Telangana,Consumer
C0875,Odika Arya,Female,41,Bijapur,Karnataka,Consumer
C0876,Krisha Tandon,Female,60,Mango,Maharashtra,Corporate
C0877,Ladli Ramakrishnan,Male,18,Bhatpara,Gujarat,Home Office
C0878,Anmol Ravel,Female,18,Dhule,Kerala,Consumer
C0879,Mitali Narayan,Female,52,Sonipat,Chhattisgarh,Corporate
C0880,Elijah Sahni,Male,50,Baranagar,Jharkhand,Home Office
C0881,Vidhi Khatri,Female,29,Katni,Chhattisgarh,Consumer
C0882,Daniel Mohan,Male,51,Mysore,Sikkim,Consumer
C0883,Jasmit Pai,Male,30,Bathinda,Gujarat,Home Office
C0884,Nandini D’Alia,Female,40,Karawal Nagar,Odisha,Corporate
C0885,Ekanta Saran,Female,23,Bhalswa Jahangir Pur,Chhattisgarh,Corporate
C0886,Elijah Agrawal,Female,47,Darbhanga,Andhra Pradesh,Home Office
C0887,William Deep,Male,32,Kamarhati,Mizoram,Corporate
C0888,Bhavini Seshadri,Male,59,Raebareli,Haryana,Home Office
C0889,Vrinda Mann,Male,23,Kalyan-Dombivli,Uttar Pradesh,Corporate
C0890,Rudra Mander,Female,42,Bokaro,Gujarat,Home Office
C0891,Harinakshi Mittal,Female,21,Sri Ganganagar,Uttar Pradesh,Home Office
C0892,Eesha Goda,Male,28,Begusarai,Mizoram,Consumer
C0893,Chasmum Parsa,Female,45,Indore,Nagaland,Home Office
C0894,Mohini Oza,Female,54,Aurangabad,Kerala,Consumer
C0895,Amara Bora,Male,32,Berhampore,Sikkim,Consumer
C0896,Balendra Sangha,Female,35,Tumkur,Goa,Consumer
C0897,Deepa Thaker,Male,35,Ghaziabad,Tripura,Home Office
C0898,Shaurya Sharaf,Male,29,Khora ,Gujarat,Corporate
C0899,Finn Kadakia,Male,31,Burhanpur,Chhattisgarh,Home Office
C0900,Jackson Gopal,Male,43,Muzaffarpur,Chhattisgarh,Consumer
C0901,Chandresh Jhaveri,Female,28,Thrissur,Rajasthan,Home Office
C0902,Onveer Puri,Male,54,Nellore,Rajasthan,Corporate
C0903,Hamsini Chakraborty,Female,42,Dibrugarh,Mizoram,Home Office
C0904,Amaira Basak,Male,23,Bhalswa Jahangir Pur,Goa,Home Office
C0905,Aryan Tailor,Female,21,Kalyan-Dombivli,Odisha,Consumer
C0906,Tanvi Mangat,Female,32,Madanapalle,Odisha,Consumer
C0907,Orinder Parsa,Female,56,Jhansi,Bihar,Home Office
C0908,Lekha Rajan,Female,38,Mirzapur,Uttarakhand,Consumer
C0909,Vasudha Kari,Female,46,Salem,Gujarat,Corporate
C0910,Osha Purohit,Male,40,Shimoga,Uttar Pradesh,Home Office
C0911,Advik Master,Female,45,Panihati,Bihar,Consumer
C0912,Nachiket Patil,Female,23,Nagpur,Tripura,Home Office
C0913,Elijah Dora,Female,33,Tirupati,Odisha,Home Office
C0914,Rachita Balasubramanian,Male,23,Dehradun,Punjab,Corporate
C0915,Indali Khurana,Male,42,Chittoor,Rajasthan,Home Office
C0916,Xalak Lal,Male,42,Bulandshahr,Goa,Corporate
C0917,Aarav Pall,Female,24,Saharanpur,Meghalaya,Consumer
C0918,Faris Anand,Male,37,Nagpur,Andhra Pradesh,Corporate
C0919,Lavanya Rattan,Female,35,Ambarnath,Haryana,Consumer
C0920,Lohit Gara,Male,23,Dhanbad,Himachal Pradesh,Consumer
C0921,Lavanya Andra,Female,46,Arrah,Goa,Home Office
C0922,Brinda Manda,Female,24,Patiala,Assam,Consumer
C0923,Tanmayi Khurana,Male,40,Satna,Goa,Home Office
C0924,Ekta Dugal,Male,56,Haldia,Kerala,Home Office
C0925,Turvi Palla,Female,42,Shimla,Punjab,Consumer
C0926,Unni Dhawan,Female,44,Tenali,Assam,Corporate
C0927,Qushi Rau,Male,53,Udupi,Jharkhand,Consumer
C0928,Idika Modi,Male,42,Shahjahanpur,Maharashtra,Consumer
C0929,Pahal Ganesh,Male,35,Gangtok,Goa,Corporate
C0930,Faqid Atwal,Female,49,Jorhat,Meghalaya,Consumer
C0931,Anita Chanda,Male,28,Sikar,Arunachal Pradesh,Corporate
C0932,Chatresh Pant,Female,44,Bilaspur,Rajasthan,Corporate
C0933,Januja Barad,Female,22,Muzaffarpur,Arunachal Pradesh,Corporate
C0934,Kalpit Shroff,Female,33,Motihari,Odisha,Home Office
C0935,Tamanna Garg,Female,56,Yamunanagar,Himachal Pradesh,Home Office
C0936,Wriddhish Wali,Male,47,Ujjain,Punjab,Consumer
C0937,Chandani Shankar,Male,37,Meerut,Tripura,Consumer
C0938,Ekaraj Konda,Female,39,Jaunpur,Sikkim,Home Office
C0939,Devika Bakshi,Female,39,Gudivada,Kerala,Corporate
C0940,Hemani Chacko,Female,45,Fatehpur,Maharashtra,Home Office
C0941,Jyoti Gulati,Male,37,Tirunelveli,Gujarat,Corporate
C0942,Gayathri Mitter,Male,48,New Delhi,Jharkhand,Corporate
C0943,Maya Raghavan,Male,43,Rourkela,Telangana,Corporate
C0944,Omaja Mani,Female,58,Ichalkaranji,Punjab,Corporate
C0945,Christopher Kuruvilla,Male,38,Thanjavur,Nagaland,Corporate
C0946,Christopher Bhatt,Female,43,Bally,Chhattisgarh,Corporate
C0947,Balvan Dhar,Male,54,Surat,Punjab,Consumer
C0948,Chakrika Dutt,Male,53,Howrah,Maharashtra,Consumer
C0949,Bhavini Nagarajan,Female,31,Alappuzha,Haryana,Corporate
C0950,Joshua Saran,Female,22,Ghaziabad,Meghalaya,Corporate
C0951,Manan Sehgal,Female,26,Sagar,Assam,Home Office
C0952,Advika Ratti,Female,33,Hospet,Gujarat,Corporate
C0953,Arin Chana,Male,45,Panchkula,Tamil Nadu,Corporate
C0954,Januja Naik,Male,46,Hapur,Tripura,Home Office
C0955,Hemangini Sachdeva,Female,55,Dewas,Telangana,Corporate
C0956,Avi Nath,Female,52,Ratlam,Sikkim,Consumer
C0957,Upma Kapoor,Female,52,Dindigul,Manipur,Home Office
C0958,Ekta Sur,Male,24,Kalyan-Dombivli,Sikkim,Consumer
C0959,Vedhika Bail,Female,28,Navi Mumbai,Chhattisgarh,Home Office
C0960,Neelima Mukhopadhyay,Male,54,Baranagar,West Bengal,Home Office
C0961,Brinda Singh,Female,39,Jodhpur,Uttar Pradesh,Corporate
C0962,Luke Wali,Male,18,Rampur,Arunachal Pradesh,Consumer
C0963,Harini Nagar,Female,32,Alwar,Maharashtra,Home Office
C0964,Ishani Patla,Male,46,Hapur,Maharashtra,Corporate
C0965,Jason Sama,Female,47,Mau,Telangana,Home Office
C0966,Oni Nigam,Male,40,Panipat,Madhya Pradesh,Consumer
C0967,Harshil Gopal,Female,24,Shivpuri,Odisha,Corporate
C0968,Kiaan Lata,Female,23,Muzaffarpur,Maharashtra,Consumer
C0969,Qasim Bains,Male,40,Hapur,Uttar Pradesh,Corporate
C0970,Abeer Banerjee,Female,47,Chittoor,Manipur,Consumer
C0971,Dipta Seshadri,Female,40,Karimnagar,Jharkhand,Corporate
C0972,Widisha Rao,Male,46,Tiruppur,Jharkhand,Home Office
C0973,Utkarsh Gera,Female,38,Berhampur,Karnataka,Consumer
C0974,Manan Walla,Female,20,Warangal,Tripura,Home Office
C0975,Ishwar Parikh,Male,19,Sirsa,Bihar,Corporate
C0976,Om Vala,Male,28,Avadi,West Bengal,Home Office
C0977,Urvi Bal,Male,51,Bhusawal,Karnataka,Consumer
C0978,Varsha Kata,Male,39,Loni,Goa,Home Office
C0979,Geetika Saraf,Female,47,Hapur,Tripura,Consumer
C0980,Dalaja Varghese,Female,58,Sirsa,Manipur,Consumer
C0981,Vidhi Singh,Male,58,Ramagundam,Andhra Pradesh,Home Office
C0982,Aarini Khalsa,Female,43,Agra,Telangana,Consumer
C0983,Azaan Grewal,Male,46,Malda,Haryana,Home Office
C0984,Upadhriti Naidu,Female,42,Bhagalpur,Gujarat,Consumer
C0985,Brinda Aurora,Male,31,Kurnool,Assam,Corporate
C0986,Ishwar Morar,Male,54,Latur,Nagaland,Consumer
C0987,Atharv Memon,Male,41,Guwahati,Arunachal Pradesh,Corporate
C0988,Xavier Basu,Male,47,Hosur,Goa,Consumer
C0989,Kamya Koshy,Female,60,Thrissur,Chhattisgarh,Corporate
C0990,Kavya Malhotra,Female,56,Katni,Telangana,Corporate
C0991,Libni Rout,Female,55,Sultan Pur Majra,Nagaland,Consumer
C0992,Chandran Sagar,Female,40,Dhanbad,Goa,Corporate
C0993,Kevin Golla,Male,37,Tirupati,Karnataka,Home Office
C0994,Urmi Narain,Male,26,Gurgaon,Nagaland,Corporate
C0995,Baljiwan Walla,Male,33,Proddatur,Gujarat,Corporate
C0996,Ishanvi Doshi,Male,29,Gorakhpur,Uttar Pradesh,Corporate
C0997,Suhani Chaudhuri,Male,50,Bhalswa Jahangir Pur,Arunachal Pradesh,Corporate
C0998,Harish Saini,Female,56,Patiala,Assam,Consumer
C0999,Yadavi Acharya,Female,45,Anantapur,Kerala,Consumer
C1000,Vansha Acharya,Female,58,Jhansi,Uttarakhand,Home Office
